file_id,age
image_0.jpg,60.3159438824679
image_1.jpg,42.75453475696509
image_10.jpg,33.414202633840226
image_100.jpg,58.12189652585161
image_1000.jpg,20.622662277572573
image_1001.jpg,25.68561151750436
image_1002.jpg,73.20166139773009
image_1003.jpg,38.27169948599228
image_1004.jpg,48.27789392164926
image_1005.jpg,62.18978514786694
image_1006.jpg,49.08826462531736
image_1007.jpg,63.058573051214296
image_1008.jpg,65.05170598463896
image_1009.jpg,28.69748000599145
image_101.jpg,55.073864206595395
image_1010.jpg,50.218493368157596
image_1011.jpg,10.048961678348086
image_1012.jpg,82.1990078085365
image_1013.jpg,73.37183379856813
image_1014.jpg,57.94396955307672
image_1015.jpg,28.81409863130982
image_1016.jpg,58.78173530081743
image_1017.jpg,43.24918344615981
image_1018.jpg,28.239062807063146
image_1019.jpg,34.02520527965687
image_102.jpg,28.366010701662134
image_1020.jpg,35.77481294036577
image_1021.jpg,9.910998545889182
image_1022.jpg,2.200048977246806
image_1023.jpg,26.12736766594845
image_1024.jpg,31.23978277679351
image_1025.jpg,52.595662962129765
image_1026.jpg,12.31082541077802
image_1027.jpg,3.119402103984714
image_1028.jpg,28.53319628549406
image_1029.jpg,25.48388135639331
image_103.jpg,23.76501651924952
image_1030.jpg,62.50680763491482
image_1031.jpg,1.4442108284457458
image_1032.jpg,51.393655360846125
image_1033.jpg,34.92094839686673
image_1034.jpg,23.91967381478707
image_1035.jpg,46.51000631268755
image_1036.jpg,58.47177525811732
image_1037.jpg,21.382420552372423
image_1038.jpg,42.341893978913056
image_1039.jpg,26.354394514201545
image_104.jpg,18.11328282717744
image_1040.jpg,20.956982686510372
image_1041.jpg,48.61643139428577
image_1042.jpg,29.345983812013877
image_1043.jpg,53.77517365026514
image_1044.jpg,43.15861694357652
image_1045.jpg,45.836690710759704
image_1046.jpg,29.186104504927624
image_1047.jpg,37.87616026561814
image_1048.jpg,61.284357985375486
image_1049.jpg,1.9737528762636405
image_105.jpg,25.025692567591307
image_1050.jpg,47.400286502317776
image_1051.jpg,65.34073976375049
image_1052.jpg,23.98717369415046
image_1053.jpg,58.387930305885426
image_1054.jpg,71.90493875651285
image_1055.jpg,70.54973253324741
image_1056.jpg,22.79893613250419
image_1057.jpg,18.013815641549847
image_1058.jpg,23.9263545489332
image_1059.jpg,8.632716515143786
image_106.jpg,55.92812187401803
image_1060.jpg,62.10584552255349
image_1061.jpg,36.96558078691307
image_1062.jpg,45.43797322994531
image_1063.jpg,67.48521290247469
image_1064.jpg,16.043506385468568
image_1065.jpg,63.99637350540803
image_1066.jpg,22.89478294022239
image_1067.jpg,66.46127547471589
image_1068.jpg,66.29679998240317
image_1069.jpg,52.29949122070692
image_107.jpg,43.423465706235234
image_1070.jpg,77.77446867290521
image_1071.jpg,57.03809155947959
image_1072.jpg,19.831454761025043
image_1073.jpg,1.0829381991850222
image_1074.jpg,36.8821666550202
image_1075.jpg,66.65113539150276
image_1076.jpg,55.554182530445786
image_1077.jpg,17.83214089826221
image_1078.jpg,14.527567095658869
image_1079.jpg,67.85250135726515
image_108.jpg,31.420478516078088
image_1080.jpg,22.900256465055918
image_1081.jpg,30.225420800046248
image_1082.jpg,18.11113173635459
image_1083.jpg,23.27362453339391
image_1084.jpg,54.82288093370506
image_1085.jpg,52.09817413945729
image_1086.jpg,53.08025469849261
image_1087.jpg,67.3020649158788
image_1088.jpg,42.866819084366725
image_1089.jpg,27.29315476084193
image_109.jpg,25.47609584073638
image_1090.jpg,18.4276142585127
image_1091.jpg,29.286813087767957
image_1092.jpg,38.17742387340357
image_1093.jpg,48.71283378326047
image_1094.jpg,50.22510747422834
image_1095.jpg,47.01024411969955
image_1096.jpg,12.65752333072139
image_1097.jpg,21.593572267851222
image_1098.jpg,14.238601041788334
image_1099.jpg,48.87544842948794
image_11.jpg,27.33166594796696
image_110.jpg,9.909040185174241
image_1100.jpg,52.06702544872097
image_1101.jpg,3.065027001470155
image_1102.jpg,57.08343882839235
image_1103.jpg,23.551128801361017
image_1104.jpg,29.573359253088917
image_1105.jpg,24.4837799118684
image_1106.jpg,20.929852642025818
image_1107.jpg,14.842420391537233
image_1108.jpg,56.30784218689367
image_1109.jpg,30.96631707526991
image_111.jpg,8.170742576521517
image_1110.jpg,34.538548753800974
image_1111.jpg,58.799549504900284
image_1112.jpg,54.46122962298472
image_1113.jpg,48.09270542756748
image_1114.jpg,26.602871652086492
image_1115.jpg,41.81097714279124
image_1116.jpg,60.7898467514591
image_1117.jpg,25.28669105217841
image_1118.jpg,32.03799157464386
image_1119.jpg,16.560843208866668
image_112.jpg,23.406319399491682
image_1120.jpg,53.94243829624132
image_1121.jpg,27.445967763660835
image_1122.jpg,61.56103324712824
image_1123.jpg,74.7988245459678
image_1124.jpg,17.042395868123467
image_1125.jpg,36.17701183202598
image_1126.jpg,54.52428953293715
image_1127.jpg,71.26270650631908
image_1128.jpg,38.46057580070114
image_1129.jpg,62.36348805118627
image_113.jpg,21.904512434767256
image_1130.jpg,48.23695900395113
image_1131.jpg,23.16820268398646
image_1132.jpg,53.75685568919425
image_1133.jpg,5.231408004440463
image_1134.jpg,43.952884207803805
image_1135.jpg,28.500770160062377
image_1136.jpg,77.26148623617311
image_1137.jpg,23.230856420037064
image_1138.jpg,43.2649868290171
image_1139.jpg,24.89860528717568
image_114.jpg,25.303137268537018
image_1140.jpg,21.585413130167797
image_1141.jpg,40.76590453657984
image_1142.jpg,38.603577109693454
image_1143.jpg,62.36538607726277
image_1144.jpg,56.07482270783592
image_1145.jpg,42.72123094232433
image_1146.jpg,26.453015927102655
image_1147.jpg,21.04830953276786
image_1148.jpg,57.57549112962558
image_1149.jpg,63.66471975583492
image_115.jpg,19.961366387126148
image_1150.jpg,47.713748826025125
image_1151.jpg,21.881869676942937
image_1152.jpg,47.7041766884423
image_1153.jpg,31.61294141899335
image_1154.jpg,29.991438976280985
image_1155.jpg,4.8371828759496
image_1156.jpg,12.225545622167422
image_1157.jpg,45.33145894984862
image_1158.jpg,24.200269756765607
image_1159.jpg,1.359227513127312
image_116.jpg,10.408990852837897
image_1160.jpg,37.05064930476663
image_1161.jpg,24.12363538897955
image_1162.jpg,7.8048254767037175
image_1163.jpg,82.77873659596011
image_1164.jpg,52.23543216048738
image_1165.jpg,69.07294250632742
image_1166.jpg,56.197979022318954
image_1167.jpg,23.777448691740265
image_1168.jpg,12.413966208666016
image_1169.jpg,8.089658387920279
image_117.jpg,11.294282024548346
image_1170.jpg,4.986615186205537
image_1171.jpg,6.950683660989584
image_1172.jpg,49.82871622443535
image_1173.jpg,63.05865098202343
image_1174.jpg,64.12750759737682
image_1175.jpg,10.821750000556715
image_1176.jpg,86.4118833240762
image_1177.jpg,45.26880767429987
image_1178.jpg,9.153278138258315
image_1179.jpg,42.180131263559375
image_118.jpg,71.03047515789457
image_1180.jpg,33.77466682692735
image_1181.jpg,31.859422674095068
image_1182.jpg,31.014398419113146
image_1183.jpg,58.92700025170769
image_1184.jpg,36.20938303862754
image_1185.jpg,37.5641110150128
image_1186.jpg,38.61300444758388
image_1187.jpg,6.796904113456093
image_1188.jpg,13.064919960115766
image_1189.jpg,12.468772375429394
image_119.jpg,49.12983065604145
image_1190.jpg,60.81583650602889
image_1191.jpg,5.7984748034240186
image_1192.jpg,48.58538877334978
image_1193.jpg,60.48865509220718
image_1194.jpg,27.031184652932883
image_1195.jpg,26.22846456772953
image_1196.jpg,9.97574150593482
image_1197.jpg,19.32462385755802
image_1198.jpg,14.265270667694905
image_1199.jpg,59.6614089331099
image_12.jpg,52.57064223164877
image_120.jpg,32.924873986506974
image_1200.jpg,70.69224462009726
image_1201.jpg,38.03910859388312
image_1202.jpg,28.977020775096893
image_1203.jpg,52.5199204017553
image_1204.jpg,30.5247843124413
image_1205.jpg,1.7115830274766357
image_1206.jpg,54.33630893458564
image_1207.jpg,52.56046022268556
image_1208.jpg,49.064910800605325
image_1209.jpg,30.98746672350116
image_121.jpg,24.4932451964708
image_1210.jpg,22.82002609415657
image_1211.jpg,72.09734547262053
image_1212.jpg,69.97490710856577
image_1213.jpg,68.51707029679022
image_1214.jpg,45.15866820045962
image_1215.jpg,58.485574655857874
image_1216.jpg,10.508015712306394
image_1217.jpg,1.4195559962496338
image_1218.jpg,51.88473711745687
image_1219.jpg,58.79186998057194
image_122.jpg,27.680659845932528
image_1220.jpg,24.742020827065538
image_1221.jpg,56.76803235025029
image_1222.jpg,66.66243614689826
image_1223.jpg,75.87861532035774
image_1224.jpg,1.230084447709504
image_1225.jpg,72.42708010518498
image_1226.jpg,26.732241151112934
image_1227.jpg,32.487821397375754
image_1228.jpg,72.42515576064432
image_1229.jpg,20.609162746707696
image_123.jpg,14.442359073301764
image_1230.jpg,14.836918025483095
image_1231.jpg,61.06418637600323
image_1232.jpg,33.90485612552135
image_1233.jpg,18.832310179791893
image_1234.jpg,26.58068257905947
image_1235.jpg,51.611475192381
image_1236.jpg,41.547758079921586
image_1237.jpg,18.890830091720392
image_1238.jpg,7.256278144538608
image_1239.jpg,19.662347467789775
image_124.jpg,24.96587670863738
image_1240.jpg,26.995544674770162
image_1241.jpg,28.283227440715486
image_1242.jpg,72.16312997242308
image_1243.jpg,57.115966717080525
image_1244.jpg,25.167209903086096
image_1245.jpg,12.24727103258966
image_1246.jpg,33.74100298004342
image_1247.jpg,37.20539657018866
image_1248.jpg,40.24396436548261
image_1249.jpg,45.30993243962775
image_125.jpg,60.61387819267196
image_1250.jpg,6.865601889013751
image_1251.jpg,56.54445380208969
image_1252.jpg,39.28001077839981
image_1253.jpg,54.14169866991664
image_1254.jpg,33.832756209685066
image_1255.jpg,6.69253627490692
image_1256.jpg,52.774314680972054
image_1257.jpg,71.50328568129477
image_1258.jpg,49.9513311740305
image_1259.jpg,53.63729031966534
image_126.jpg,12.053666578455081
image_1260.jpg,44.70433130001157
image_1261.jpg,56.53382861937413
image_1262.jpg,1.7332554433814653
image_1263.jpg,37.55888480630982
image_1264.jpg,21.410846134119
image_1265.jpg,65.47710683349534
image_1266.jpg,9.211245913469131
image_1267.jpg,56.15673862721805
image_1268.jpg,48.96811206376595
image_1269.jpg,33.034743575356465
image_127.jpg,25.45879230465464
image_1270.jpg,36.85898649445804
image_1271.jpg,48.9167752861254
image_1272.jpg,64.83010126848639
image_1273.jpg,46.06639471449189
image_1274.jpg,36.52451798363753
image_1275.jpg,35.08423113866428
image_1276.jpg,35.93040843948393
image_1277.jpg,40.72183382313642
image_1278.jpg,29.34460421764632
image_1279.jpg,30.620180160849703
image_128.jpg,13.188690004138932
image_1280.jpg,48.55936619426335
image_1281.jpg,84.39975691882115
image_1282.jpg,56.591115646416235
image_1283.jpg,59.63501285438509
image_1284.jpg,40.46272681882288
image_1285.jpg,76.88438597050455
image_1286.jpg,18.51464285578739
image_1287.jpg,9.238652049371044
image_1288.jpg,53.85412667084687
image_1289.jpg,64.38833986971979
image_129.jpg,31.337834190190538
image_1290.jpg,28.180595656377104
image_1291.jpg,51.35084978971692
image_1292.jpg,34.11366358972007
image_1293.jpg,25.054521615471124
image_1294.jpg,50.21617002112579
image_1295.jpg,55.20884741729754
image_1296.jpg,60.96491272735545
image_1297.jpg,28.39500107884685
image_1298.jpg,27.219865655848924
image_1299.jpg,47.421137692972465
image_13.jpg,64.879068464995
image_130.jpg,10.348429508622644
image_1300.jpg,70.11809758752595
image_1301.jpg,20.67930019699027
image_1302.jpg,18.707974868730417
image_1303.jpg,28.46088870385387
image_1304.jpg,53.241093233619054
image_1305.jpg,49.80945240853128
image_1306.jpg,35.48598283227178
image_1307.jpg,1.3175118605605591
image_1308.jpg,38.43346850821383
image_1309.jpg,44.15983549715981
image_131.jpg,52.69156115887867
image_1310.jpg,58.53499485431548
image_1311.jpg,49.8351475683635
image_1312.jpg,32.472697583525104
image_1313.jpg,58.47987185770631
image_1314.jpg,23.080358183481668
image_1315.jpg,34.18232724930523
image_1316.jpg,32.68979984290554
image_1317.jpg,29.503263796529495
image_1318.jpg,9.150768150135303
image_1319.jpg,36.646958743234414
image_132.jpg,57.54482259385752
image_1320.jpg,49.420120617654604
image_1321.jpg,65.14274222449433
image_1322.jpg,32.07435186591285
image_1323.jpg,13.838126340490184
image_1324.jpg,36.984973416032496
image_1325.jpg,8.258926206534884
image_1326.jpg,15.513678366685703
image_1327.jpg,55.0841841695648
image_1328.jpg,10.489665164814083
image_1329.jpg,26.96814641625317
image_133.jpg,44.42782088915416
image_1330.jpg,71.31660854378802
image_1331.jpg,31.926811087344998
image_1332.jpg,42.876863331500495
image_1333.jpg,57.74035962823545
image_1334.jpg,32.378742186570854
image_1335.jpg,51.72541058670257
image_1336.jpg,41.567128935357594
image_1337.jpg,49.13317529414723
image_1338.jpg,23.668822393190876
image_1339.jpg,6.595012953153003
image_134.jpg,25.34563787928988
image_1340.jpg,26.024656265207792
image_1341.jpg,55.26279364596017
image_1342.jpg,26.923686546159583
image_1343.jpg,39.42127857432697
image_1344.jpg,3.214478558020561
image_1345.jpg,55.63852642722108
image_1346.jpg,49.46288599997648
image_1347.jpg,21.971074561714214
image_1348.jpg,57.52397401880671
image_1349.jpg,46.92269482224002
image_135.jpg,12.82367115632873
image_1350.jpg,64.0377368770776
image_1351.jpg,39.47457569129961
image_1352.jpg,59.29714223435641
image_1353.jpg,32.21608168447834
image_1354.jpg,40.65703914775047
image_1355.jpg,35.041123171895784
image_1356.jpg,4.703071701746785
image_1357.jpg,23.968842009674983
image_1358.jpg,43.94547652944278
image_1359.jpg,3.616802266619434
image_136.jpg,23.565546159817643
image_1360.jpg,17.316458213359926
image_1361.jpg,17.16561364018556
image_1362.jpg,43.885061404683235
image_1363.jpg,21.48524891981424
image_1364.jpg,62.89843745889225
image_1365.jpg,57.4322675119938
image_1366.jpg,39.85728525010758
image_1367.jpg,33.74702059592258
image_1368.jpg,67.89042950790056
image_1369.jpg,26.84308085247691
image_137.jpg,27.10779645856125
image_1370.jpg,23.142764905752355
image_1371.jpg,42.9649183474322
image_1372.jpg,32.62070583912644
image_1373.jpg,46.00664660026601
image_1374.jpg,23.734458459995427
image_1375.jpg,51.23396771518294
image_1376.jpg,8.415268683241939
image_1377.jpg,8.360019477049049
image_1378.jpg,61.37663086745471
image_1379.jpg,3.3082747060344757
image_138.jpg,32.70098459573587
image_1380.jpg,66.47098269635484
image_1381.jpg,5.058473646841651
image_1382.jpg,71.08221455842708
image_1383.jpg,67.83387217900061
image_1384.jpg,65.43639670467003
image_1385.jpg,69.3623971742274
image_1386.jpg,81.98349552538015
image_1387.jpg,6.973997339764404
image_1388.jpg,42.85609077730393
image_1389.jpg,40.15433162038733
image_139.jpg,15.558658057255306
image_1390.jpg,21.369886415003137
image_1391.jpg,23.871884930016112
image_1392.jpg,31.056866459043633
image_1393.jpg,10.753718423667287
image_1394.jpg,3.0807141693326097
image_1395.jpg,8.250290426190357
image_1396.jpg,45.595791077340365
image_1397.jpg,32.89130501271887
image_1398.jpg,61.702028037454276
image_1399.jpg,12.041614337248463
image_14.jpg,46.94982825722242
image_140.jpg,10.143536700042704
image_1400.jpg,67.43654836639108
image_1401.jpg,52.21704831281608
image_1402.jpg,70.67669741969118
image_1403.jpg,28.212168207546455
image_1404.jpg,27.782834985769473
image_1405.jpg,23.337455640160005
image_1406.jpg,59.81887520463076
image_1407.jpg,25.790493393605225
image_1408.jpg,41.764715700630866
image_1409.jpg,2.658339274592424
image_141.jpg,55.74234073250598
image_1410.jpg,10.221650484140637
image_1411.jpg,1.122229914696792
image_1412.jpg,46.10299133947108
image_1413.jpg,16.85795337172175
image_1414.jpg,37.118496742200406
image_1415.jpg,15.83650552235179
image_1416.jpg,40.249511936276505
image_1417.jpg,41.33656844187411
image_1418.jpg,30.22634084762693
image_1419.jpg,14.753161284561262
image_142.jpg,1.3306223976210083
image_1420.jpg,27.29816089642577
image_1421.jpg,44.1765020158124
image_1422.jpg,76.9566983152613
image_1423.jpg,34.33868919827339
image_1424.jpg,27.06997839784234
image_1425.jpg,5.599109838789626
image_1426.jpg,11.360471156770327
image_1427.jpg,47.48470909109943
image_1428.jpg,9.938248253185664
image_1429.jpg,7.344678282621196
image_143.jpg,21.75940624708972
image_1430.jpg,19.80074961061156
image_1431.jpg,8.644209632510302
image_1432.jpg,6.660463913494115
image_1433.jpg,30.69778592877578
image_1434.jpg,11.154035780418065
image_1435.jpg,34.00344842817663
image_1436.jpg,32.69014828008142
image_1437.jpg,59.063317195365535
image_1438.jpg,33.23649554249466
image_1439.jpg,43.580644340980115
image_144.jpg,14.131435593914274
image_1440.jpg,44.88591597433915
image_1441.jpg,52.38163973000305
image_1442.jpg,5.341011432729084
image_1443.jpg,34.282581251203744
image_1444.jpg,1.074003044674353
image_1445.jpg,24.20949567684828
image_1446.jpg,72.25796119464522
image_1447.jpg,5.14561395138677
image_1448.jpg,45.77006459297486
image_1449.jpg,29.451644776045097
image_145.jpg,14.145575742697961
image_1450.jpg,1.128744575033579
image_1451.jpg,23.10110556099873
image_1452.jpg,26.618360547555692
image_1453.jpg,42.4827059822912
image_1454.jpg,25.460327423222797
image_1455.jpg,64.79458646971584
image_1456.jpg,43.48623403136074
image_1457.jpg,70.35154835990735
image_1458.jpg,27.812865631374013
image_1459.jpg,51.40212741714574
image_146.jpg,56.55353053381032
image_1460.jpg,44.17558210923052
image_1461.jpg,70.91012636761889
image_1462.jpg,37.876931663001606
image_1463.jpg,3.866079946485892
image_1464.jpg,25.447279415103196
image_1465.jpg,66.92046415866976
image_1466.jpg,12.798554035406413
image_1467.jpg,33.299418495421826
image_1468.jpg,42.15504104007622
image_1469.jpg,27.343292865081978
image_147.jpg,23.78878510117667
image_1470.jpg,28.899915167296765
image_1471.jpg,38.73145637046701
image_1472.jpg,62.88398136417956
image_1473.jpg,26.72374581967846
image_1474.jpg,26.512300612338052
image_1475.jpg,76.37966606116787
image_1476.jpg,74.46479425651388
image_1477.jpg,70.17594287718451
image_1478.jpg,53.16596755682874
image_1479.jpg,37.49942991859107
image_148.jpg,34.62011423163777
image_1480.jpg,33.08524167193052
image_1481.jpg,11.46910551834065
image_1482.jpg,10.338036042802742
image_1483.jpg,43.372581509185395
image_1484.jpg,26.413930278149806
image_1485.jpg,70.51578180270536
image_1486.jpg,43.69311593387985
image_1487.jpg,35.09574540328862
image_1488.jpg,54.548369945947734
image_1489.jpg,23.52754549090252
image_149.jpg,47.340810804426745
image_1490.jpg,20.6082519306636
image_1491.jpg,27.622420465899776
image_1492.jpg,35.28128607006966
image_1493.jpg,21.877027500384067
image_1494.jpg,47.36684619044118
image_1495.jpg,78.26711558510746
image_1496.jpg,22.600738916094492
image_1497.jpg,50.794785220846826
image_1498.jpg,29.96283365692581
image_1499.jpg,28.29024093419564
image_15.jpg,34.232534674163524
image_150.jpg,6.270799237126418
image_1500.jpg,39.591084648935194
image_1501.jpg,41.4794563493173
image_1502.jpg,37.69427566480529
image_1503.jpg,11.468731066051843
image_1504.jpg,57.241634263810056
image_1505.jpg,64.26458706983635
image_1506.jpg,71.81789289049077
image_1507.jpg,53.14734647652314
image_1508.jpg,49.371183169687306
image_1509.jpg,63.815744758884364
image_151.jpg,60.25074872386055
image_1510.jpg,52.86386201186541
image_1511.jpg,62.87608963877661
image_1512.jpg,36.51679430474745
image_1513.jpg,39.82940511370771
image_1514.jpg,36.123207998801
image_1515.jpg,33.95569596850501
image_1516.jpg,47.24091249186466
image_1517.jpg,31.77434650133654
image_1518.jpg,36.13557916483182
image_1519.jpg,21.92269516672526
image_152.jpg,1.0774084575665348
image_1520.jpg,24.007895475252138
image_1521.jpg,21.820890196454812
image_1522.jpg,55.76732466372511
image_1523.jpg,30.26021874980933
image_1524.jpg,76.3066562334519
image_1525.jpg,40.69330728337964
image_1526.jpg,10.211843118532776
image_1527.jpg,40.077799529367205
image_1528.jpg,51.185239713382614
image_1529.jpg,25.911014407662293
image_153.jpg,20.720535588582237
image_1530.jpg,34.32119591189904
image_1531.jpg,35.852906193164344
image_1532.jpg,51.85341718198383
image_1533.jpg,34.78272452987139
image_1534.jpg,52.93079729172642
image_1535.jpg,25.505056535653864
image_1536.jpg,21.997101109046547
image_1537.jpg,65.92238526824049
image_1538.jpg,33.48983687686376
image_1539.jpg,60.17782106514394
image_154.jpg,79.40994604211437
image_1540.jpg,2.4267766784473443
image_1541.jpg,26.645651225517152
image_1542.jpg,78.67919546374125
image_1543.jpg,63.96954890245083
image_1544.jpg,25.26321765456093
image_1545.jpg,63.464614813962626
image_1546.jpg,30.263602190362803
image_1547.jpg,20.145263383119744
image_1548.jpg,32.106766128825136
image_1549.jpg,60.053145825390075
image_155.jpg,7.456431998166108
image_1550.jpg,18.079976233093006
image_1551.jpg,2.5409050053982645
image_1552.jpg,53.96005238137979
image_1553.jpg,38.47730191698675
image_1554.jpg,29.207592193058034
image_1555.jpg,39.72771314004304
image_1556.jpg,18.699037226120957
image_1557.jpg,30.656738704193153
image_1558.jpg,41.70995662516881
image_1559.jpg,23.83352210903758
image_156.jpg,61.963072556363976
image_1560.jpg,63.7639462290135
image_1561.jpg,38.65340611397538
image_1562.jpg,61.6939974644184
image_1563.jpg,67.86988424924151
image_1564.jpg,36.92649086913537
image_1565.jpg,16.806587533353436
image_1566.jpg,44.66432104184102
image_1567.jpg,55.82348414992657
image_1568.jpg,17.56451012877573
image_1569.jpg,22.86957172336778
image_157.jpg,43.527875305908275
image_1570.jpg,12.245354630900241
image_1571.jpg,22.206267925386452
image_1572.jpg,44.67023867769768
image_1573.jpg,1.231918190735785
image_1574.jpg,32.940291959699536
image_1575.jpg,64.14569745959118
image_1576.jpg,27.38787798042865
image_1577.jpg,9.106414965403932
image_1578.jpg,48.73674473273372
image_1579.jpg,7.8590473581062295
image_158.jpg,27.615626973964336
image_1580.jpg,1.539685672754846
image_1581.jpg,54.81263132585381
image_1582.jpg,69.716918463411
image_1583.jpg,30.050742381764252
image_1584.jpg,3.9779927713440837
image_1585.jpg,52.37026259863682
image_1586.jpg,69.41452420808946
image_1587.jpg,66.55170856847147
image_1588.jpg,24.49724372659935
image_1589.jpg,38.63709625116557
image_159.jpg,5.068258047789729
image_1590.jpg,37.05099959594846
image_1591.jpg,12.732565779632704
image_1592.jpg,14.761556400605565
image_1593.jpg,24.721725322027293
image_1594.jpg,28.462491957602445
image_1595.jpg,49.874373506315955
image_1596.jpg,21.84675307682778
image_1597.jpg,1.7401136300972408
image_1598.jpg,54.150971576443055
image_1599.jpg,58.21469318472951
image_16.jpg,58.70416218255548
image_160.jpg,8.425337217557772
image_1600.jpg,8.124096086446437
image_1601.jpg,16.437756417529002
image_1602.jpg,75.7921170349447
image_1603.jpg,66.61465678153547
image_1604.jpg,66.30271965549366
image_1605.jpg,55.150018236407256
image_1606.jpg,63.142162120823556
image_1607.jpg,1.8113534585117526
image_1608.jpg,27.24184396696903
image_1609.jpg,55.372686009002
image_161.jpg,33.18564243369205
image_1610.jpg,72.29872825846013
image_1611.jpg,58.507370232885314
image_1612.jpg,76.00589745669375
image_1613.jpg,14.185067104709795
image_1614.jpg,49.39994724228048
image_1615.jpg,41.206451502097124
image_1616.jpg,15.214646643070775
image_1617.jpg,69.4282595872459
image_1618.jpg,33.572607220909745
image_1619.jpg,33.534112178419655
image_162.jpg,16.537063601093205
image_1620.jpg,63.097919258566
image_1621.jpg,34.141877801347974
image_1622.jpg,73.88309640431714
image_1623.jpg,34.60512953904223
image_1624.jpg,55.04411402445888
image_1625.jpg,24.50108356064209
image_1626.jpg,45.26386540161544
image_1627.jpg,65.22097360048188
image_1628.jpg,45.32720384560418
image_1629.jpg,18.70486015552142
image_163.jpg,45.42953555912787
image_1630.jpg,2.8093786377423333
image_1631.jpg,62.46517335860702
image_1632.jpg,72.78944919681145
image_1633.jpg,69.22471734447835
image_1634.jpg,44.61618310630253
image_1635.jpg,27.24471025907315
image_1636.jpg,60.14017737976801
image_1637.jpg,5.045163124316174
image_1638.jpg,19.645919540602126
image_1639.jpg,25.930734888705935
image_164.jpg,11.131411990851344
image_1640.jpg,25.644130164028066
image_1641.jpg,27.953017539160218
image_1642.jpg,9.188367317258235
image_1643.jpg,14.597419235036137
image_1644.jpg,55.303194962593594
image_1645.jpg,57.851865463651194
image_1646.jpg,10.985376138310853
image_1647.jpg,30.759266346897178
image_1648.jpg,75.37437780749775
image_1649.jpg,52.53914724575053
image_165.jpg,71.8450238244597
image_1650.jpg,13.040387263122287
image_1651.jpg,49.54836971358756
image_1652.jpg,5.9795774931083825
image_1653.jpg,25.834961041296
image_1654.jpg,28.194196122632743
image_1655.jpg,18.987777181430467
image_1656.jpg,20.895562433625525
image_1657.jpg,15.339951058202
image_1658.jpg,62.940280979509645
image_1659.jpg,67.94259618237473
image_166.jpg,56.75791743985735
image_1660.jpg,45.19963479124633
image_1661.jpg,3.0023358709166352
image_1662.jpg,31.753720801249155
image_1663.jpg,56.176925060883654
image_1664.jpg,5.989128264976995
image_1665.jpg,53.59284119491792
image_1666.jpg,34.649625318604635
image_1667.jpg,63.54048494325059
image_1668.jpg,40.25417765381502
image_1669.jpg,52.643377554345655
image_167.jpg,38.7553671510538
image_1670.jpg,52.88187327157174
image_1671.jpg,9.258052969280886
image_1672.jpg,45.04227803652632
image_1673.jpg,4.84694109363373
image_1674.jpg,51.30169622872742
image_1675.jpg,53.441817052590764
image_1676.jpg,54.41443643369782
image_1677.jpg,49.80988651597391
image_1678.jpg,27.472545318185414
image_1679.jpg,39.18231236508592
image_168.jpg,53.26125148204277
image_1680.jpg,29.47250869710322
image_1681.jpg,32.27209757606095
image_1682.jpg,45.86284070695301
image_1683.jpg,24.79460873746996
image_1684.jpg,6.583828078113026
image_1685.jpg,1.8308251323625424
image_1686.jpg,1.8879209371499472
image_1687.jpg,46.29902003516641
image_1688.jpg,8.859508179029914
image_1689.jpg,24.649082156051552
image_169.jpg,8.720327450216935
image_1690.jpg,58.34374141129242
image_1691.jpg,42.611562931864405
image_1692.jpg,30.34102686709886
image_1693.jpg,18.43356902395769
image_1694.jpg,22.7854224796804
image_1695.jpg,25.948277506009543
image_1696.jpg,25.117491218464043
image_1697.jpg,70.48918208384029
image_1698.jpg,38.48827876728238
image_1699.jpg,66.36912449179874
image_17.jpg,83.7258678630203
image_170.jpg,36.147219084071594
image_1700.jpg,63.66131606990437
image_1701.jpg,54.7568718614361
image_1702.jpg,36.10717097063221
image_1703.jpg,48.524749152373
image_1704.jpg,28.000854951950586
image_1705.jpg,31.60280516275139
image_1706.jpg,72.13857714721289
image_1707.jpg,4.596847728677746
image_1708.jpg,1.7336334790121917
image_1709.jpg,52.241504775406504
image_171.jpg,67.78252228823663
image_1710.jpg,28.150102662538725
image_1711.jpg,60.909447522983925
image_1712.jpg,39.01429117779439
image_1713.jpg,74.92953215851423
image_1714.jpg,35.91482125607338
image_1715.jpg,38.031280657635065
image_1716.jpg,7.949117279335595
image_1717.jpg,12.386243752072701
image_1718.jpg,22.74200752380821
image_1719.jpg,75.13875930797802
image_172.jpg,61.819913191963515
image_1720.jpg,52.510191083960855
image_1721.jpg,45.61635826717909
image_1722.jpg,11.684934983678229
image_1723.jpg,3.2859859389258284
image_1724.jpg,25.737538847519694
image_1725.jpg,5.475285607153752
image_1726.jpg,57.24075265251399
image_1727.jpg,62.890280093836374
image_1728.jpg,4.341805124014169
image_1729.jpg,63.79583709797379
image_173.jpg,22.21858231671928
image_1730.jpg,14.021555876650858
image_1731.jpg,12.611384178957602
image_1732.jpg,62.64052663747244
image_1733.jpg,35.4917133571712
image_1734.jpg,34.6275138881562
image_1735.jpg,27.00799934058255
image_1736.jpg,54.23537418329828
image_1737.jpg,6.063372146430431
image_1738.jpg,44.43828875000359
image_1739.jpg,27.51288969400667
image_174.jpg,13.464144719097229
image_1740.jpg,44.571446979722744
image_1741.jpg,14.616002322199867
image_1742.jpg,63.89884991229845
image_1743.jpg,4.298247400945209
image_1744.jpg,33.02378219156713
image_1745.jpg,51.18832959076588
image_1746.jpg,5.781484831782362
image_1747.jpg,24.193647279957414
image_1748.jpg,32.42335866507897
image_1749.jpg,6.662847981312172
image_175.jpg,33.43697306273656
image_1750.jpg,65.76456157818872
image_1751.jpg,27.72269125296018
image_1752.jpg,11.043446640507474
image_1753.jpg,41.689333479577506
image_1754.jpg,50.343719308629275
image_1755.jpg,70.51928257980198
image_1756.jpg,49.637486584962716
image_1757.jpg,57.46869645523885
image_1758.jpg,48.535486060560316
image_1759.jpg,62.45690566559165
image_176.jpg,32.54777621288597
image_1760.jpg,76.8267372975675
image_1761.jpg,33.44522726006289
image_1762.jpg,36.35473612672321
image_1763.jpg,12.903260034845657
image_1764.jpg,22.425617894693715
image_1765.jpg,21.792604933846153
image_1766.jpg,63.842473096096825
image_1767.jpg,62.35179890617643
image_1768.jpg,48.6999645591498
image_1769.jpg,80.44024121267789
image_177.jpg,31.01504120396643
image_1770.jpg,69.439246669974
image_1771.jpg,26.837073848935727
image_1772.jpg,20.967986694693202
image_1773.jpg,55.006720448121364
image_1774.jpg,67.92801652707821
image_1775.jpg,72.93212384944032
image_1776.jpg,3.261378776536497
image_1777.jpg,1.0361848514243115
image_1778.jpg,42.2500048100059
image_1779.jpg,63.76574896306082
image_178.jpg,50.352545810132
image_1780.jpg,8.74169235374487
image_1781.jpg,15.786092536521071
image_1782.jpg,25.526309062344794
image_1783.jpg,54.740286667678824
image_1784.jpg,53.018088600522034
image_1785.jpg,3.5470465019144095
image_1786.jpg,2.2034390385741296
image_1787.jpg,61.150435118288016
image_1788.jpg,24.523949338331256
image_1789.jpg,65.84307665731394
image_179.jpg,46.54249314694158
image_1790.jpg,61.58565213172465
image_1791.jpg,74.27911074961536
image_1792.jpg,67.63611542762968
image_1793.jpg,6.127322571093256
image_1794.jpg,74.58571281517789
image_1795.jpg,19.056748135985192
image_1796.jpg,41.14936900024698
image_1797.jpg,25.520414810431113
image_1798.jpg,27.62450310225847
image_1799.jpg,22.84554780611162
image_18.jpg,30.261814788682383
image_180.jpg,24.322429433615007
image_1800.jpg,40.166262027351515
image_1801.jpg,54.13630251640397
image_1802.jpg,30.22324563640371
image_1803.jpg,66.01033107633121
image_1804.jpg,37.523342748591084
image_1805.jpg,59.05416684367452
image_1806.jpg,68.53749098325537
image_1807.jpg,2.316947376419216
image_1808.jpg,16.513903162794158
image_1809.jpg,89.439438761461
image_181.jpg,83.94857182303075
image_1810.jpg,27.71939632761121
image_1811.jpg,26.700083656307807
image_1812.jpg,68.64927406761181
image_1813.jpg,14.975690052404758
image_1814.jpg,23.869775554405997
image_1815.jpg,6.935468485375579
image_1816.jpg,30.27589704061715
image_1817.jpg,36.93117581979567
image_1818.jpg,15.872483474874906
image_1819.jpg,76.95155016879554
image_182.jpg,43.787992911296975
image_1820.jpg,61.66708040668412
image_1821.jpg,54.01835309802633
image_1822.jpg,64.55957384359975
image_1823.jpg,73.89741146005068
image_1824.jpg,10.276394414711046
image_1825.jpg,54.14592837977765
image_1826.jpg,22.687982430575968
image_1827.jpg,6.441788015629218
image_1828.jpg,60.753232040135984
image_1829.jpg,30.874243991024123
image_183.jpg,49.93721182551246
image_1830.jpg,15.118044207965783
image_1831.jpg,15.521084668306985
image_1832.jpg,68.02550361650299
image_1833.jpg,65.34508830969334
image_1834.jpg,49.20137209722211
image_1835.jpg,33.14090501444302
image_1836.jpg,24.466512155554625
image_1837.jpg,19.980162674601388
image_1838.jpg,63.946598186171826
image_1839.jpg,33.54892980975209
image_184.jpg,69.86708498682009
image_1840.jpg,73.75424533299959
image_1841.jpg,3.971826175195946
image_1842.jpg,28.457807822330377
image_1843.jpg,8.378545678691287
image_1844.jpg,48.182348421628895
image_1845.jpg,29.387113025377072
image_1846.jpg,56.2826755000108
image_1847.jpg,57.03460759730884
image_1848.jpg,31.885212890826637
image_1849.jpg,63.04270550275281
image_185.jpg,1.6695066858029013
image_1850.jpg,58.115243338062015
image_1851.jpg,22.65151096889118
image_1852.jpg,36.2882784186534
image_1853.jpg,27.261167570931608
image_1854.jpg,66.50607884242652
image_1855.jpg,14.466690421056263
image_1856.jpg,60.74353144990848
image_1857.jpg,14.519132367409
image_1858.jpg,23.376143298615954
image_1859.jpg,61.34455403659673
image_186.jpg,31.680312932515392
image_1860.jpg,43.96498519762738
image_1861.jpg,73.01197266953814
image_1862.jpg,54.82047083780582
image_1863.jpg,37.117338990399695
image_1864.jpg,49.34830217037986
image_1865.jpg,27.32027249823161
image_1866.jpg,60.673827251336846
image_1867.jpg,25.09087834904662
image_1868.jpg,38.81859297997133
image_1869.jpg,12.24805839507777
image_187.jpg,40.88484013085248
image_1870.jpg,31.043218996327795
image_1871.jpg,53.13118941869334
image_1872.jpg,58.74802718044329
image_1873.jpg,30.055385124795134
image_1874.jpg,44.41245038894777
image_1875.jpg,45.102520508263424
image_1876.jpg,22.941930723914744
image_1877.jpg,29.80827492433813
image_1878.jpg,57.56250889321686
image_1879.jpg,16.547593704842654
image_188.jpg,54.270808807461584
image_1880.jpg,29.185202442519948
image_1881.jpg,7.039399517778916
image_1882.jpg,50.19038032818753
image_1883.jpg,61.879425408747835
image_1884.jpg,29.8306411097726
image_1885.jpg,60.14499862240353
image_1886.jpg,60.51918621545382
image_1887.jpg,67.02697336604002
image_1888.jpg,64.67592365466272
image_1889.jpg,62.27862602937958
image_189.jpg,62.62759561707068
image_1890.jpg,35.997837461036454
image_1891.jpg,1.9672183620158243
image_1892.jpg,8.81197212319679
image_1893.jpg,72.41779754020071
image_1894.jpg,52.65965756092158
image_1895.jpg,1.0175846709296072
image_1896.jpg,72.5633278330234
image_1897.jpg,63.83988361279648
image_1898.jpg,54.377244347631155
image_1899.jpg,24.18663119192032
image_19.jpg,11.618505792486737
image_190.jpg,41.03159400083106
image_1900.jpg,67.01991792924393
image_1901.jpg,29.952890235464892
image_1902.jpg,59.01291995889381
image_1903.jpg,30.656435026940144
image_1904.jpg,24.518882539698467
image_1905.jpg,11.34368603311276
image_1906.jpg,53.77667370175448
image_1907.jpg,54.07659556337072
image_1908.jpg,75.14602838763693
image_1909.jpg,6.590455447126439
image_191.jpg,24.28586293930605
image_1910.jpg,33.53336788317848
image_1911.jpg,6.334393982228961
image_1912.jpg,2.314140045242078
image_1913.jpg,57.9372913872132
image_1914.jpg,43.17168831360753
image_1915.jpg,34.30772632834263
image_1916.jpg,40.349036928957325
image_1917.jpg,38.78525935808521
image_1918.jpg,26.584983793172462
image_1919.jpg,5.551038043849663
image_192.jpg,29.372322943463846
image_1920.jpg,38.96922884655684
image_1921.jpg,35.415195040484356
image_1922.jpg,50.98059756965465
image_1923.jpg,43.838335941785864
image_1924.jpg,58.250762461939814
image_1925.jpg,27.989156627568853
image_1926.jpg,23.40053538792687
image_1927.jpg,72.16169274221139
image_1928.jpg,29.865220867181016
image_1929.jpg,24.37331705587625
image_193.jpg,35.987745387775504
image_1930.jpg,67.42843930106876
image_1931.jpg,18.241497222948613
image_1932.jpg,14.004447401769779
image_1933.jpg,65.13326614379616
image_1934.jpg,61.43161620878515
image_1935.jpg,35.771573957990555
image_1936.jpg,6.557583233833845
image_1937.jpg,57.77542267193449
image_1938.jpg,35.04408287735077
image_1939.jpg,73.9519573079276
image_194.jpg,4.989679295154055
image_1940.jpg,58.941411577962285
image_1941.jpg,10.337018982157915
image_1942.jpg,1.098708848500621
image_1943.jpg,11.151159955891796
image_1944.jpg,61.5072615526492
image_1945.jpg,42.97230347719446
image_1946.jpg,24.44638429681357
image_1947.jpg,54.83819258519769
image_1948.jpg,39.33639081771574
image_1949.jpg,72.9185046836479
image_195.jpg,11.016667966150376
image_196.jpg,19.985825507545385
image_197.jpg,12.711121861701747
image_198.jpg,78.1370313637719
image_199.jpg,45.10745971588563
image_2.jpg,75.07977547055708
image_20.jpg,71.41757827683963
image_200.jpg,18.360520654406162
image_201.jpg,81.93205127411092
image_202.jpg,48.89518678932546
image_203.jpg,68.64164584628266
image_204.jpg,27.446072234822047
image_205.jpg,61.26807202187243
image_206.jpg,26.89393652721553
image_207.jpg,52.697276572520146
image_208.jpg,20.932681932613686
image_209.jpg,24.936716064395604
image_21.jpg,9.676158623918761
image_210.jpg,58.14435756741215
image_211.jpg,56.42232039250621
image_212.jpg,60.27955628070306
image_213.jpg,29.719668584361916
image_214.jpg,41.84661548668843
image_215.jpg,27.463567326170637
image_216.jpg,45.32677144851059
image_217.jpg,38.29541213723706
image_218.jpg,60.15807848192282
image_219.jpg,8.80542802115755
image_22.jpg,37.032335741342514
image_220.jpg,36.35787399660274
image_221.jpg,35.903056297457766
image_222.jpg,21.216694966253534
image_223.jpg,60.55769439337243
image_224.jpg,22.633630296162508
image_225.jpg,59.68982621697955
image_226.jpg,58.7802091087323
image_227.jpg,79.67218361805902
image_228.jpg,70.37893434645258
image_229.jpg,46.92863073695512
image_23.jpg,26.659056820080202
image_230.jpg,57.43535513909043
image_231.jpg,43.72220637929293
image_232.jpg,75.2565242433806
image_233.jpg,40.91969254635276
image_234.jpg,33.29047778454076
image_235.jpg,39.89809970469892
image_236.jpg,73.59706860618516
image_237.jpg,63.343083449477966
image_238.jpg,25.493157663741506
image_239.jpg,5.672670433914908
image_24.jpg,50.710254563618975
image_240.jpg,50.61519811131821
image_241.jpg,37.26124183983569
image_242.jpg,29.144950057206515
image_243.jpg,26.534473822323644
image_244.jpg,19.437745288692625
image_245.jpg,30.164554167332696
image_246.jpg,60.123703979685615
image_247.jpg,37.5412140790261
image_248.jpg,1.0926480161200596
image_249.jpg,33.87405625316106
image_25.jpg,70.024511962461
image_250.jpg,52.064707298546224
image_251.jpg,23.383318163848195
image_252.jpg,5.920637279003516
image_253.jpg,34.11531980975234
image_254.jpg,20.250371898982984
image_255.jpg,50.20784514631107
image_256.jpg,16.197771073483867
image_257.jpg,37.68451373707874
image_258.jpg,49.12597607411999
image_259.jpg,62.03534415466949
image_26.jpg,30.648325174893596
image_260.jpg,39.67988768509366
image_261.jpg,29.73968318339313
image_262.jpg,19.57024211623748
image_263.jpg,21.635451698771544
image_264.jpg,24.11111233900083
image_265.jpg,54.49995647098648
image_266.jpg,48.115764525116965
image_267.jpg,6.024235841072026
image_268.jpg,25.862521244763705
image_269.jpg,57.51394520405748
image_27.jpg,9.341176105879034
image_270.jpg,11.154238566122185
image_271.jpg,11.971213407876462
image_272.jpg,55.64105141104691
image_273.jpg,36.07956428865542
image_274.jpg,67.95852896759527
image_275.jpg,21.747558799978563
image_276.jpg,30.745911295958404
image_277.jpg,28.372648860886343
image_278.jpg,16.688464005188102
image_279.jpg,44.79136975628313
image_28.jpg,11.81013877681822
image_280.jpg,46.224735219756205
image_281.jpg,59.90170013068781
image_282.jpg,9.89047414223378
image_283.jpg,29.20060528823938
image_284.jpg,65.81898195950299
image_285.jpg,41.10299364361343
image_286.jpg,22.78062170767306
image_287.jpg,21.629485212006724
image_288.jpg,54.291326921808675
image_289.jpg,34.77161080546373
image_29.jpg,24.17278880764362
image_290.jpg,58.14228267641349
image_291.jpg,26.32221172115502
image_292.jpg,1.869207358828264
image_293.jpg,26.843593535969877
image_294.jpg,14.17680836488391
image_295.jpg,32.18425912684458
image_296.jpg,1.3289851419250411
image_297.jpg,38.57924289193158
image_298.jpg,19.27066662075246
image_299.jpg,25.17466614460272
image_3.jpg,60.05766050731638
image_30.jpg,59.59406757359314
image_300.jpg,24.782206155366183
image_301.jpg,10.406907627980875
image_302.jpg,68.99253168422354
image_303.jpg,76.48008453027066
image_304.jpg,46.690407795126816
image_305.jpg,49.47737251196215
image_306.jpg,33.61069428467371
image_307.jpg,59.381176931690504
image_308.jpg,59.49636017674588
image_309.jpg,23.2019202899434
image_31.jpg,5.884485494560792
image_310.jpg,7.734946002132981
image_311.jpg,30.92763596035457
image_312.jpg,37.66590104747453
image_313.jpg,40.932734771105515
image_314.jpg,60.256816358195735
image_315.jpg,25.936061036737
image_316.jpg,39.83924378581769
image_317.jpg,69.5862066613652
image_318.jpg,11.379240738954609
image_319.jpg,72.5471887336332
image_32.jpg,65.10247347189959
image_320.jpg,42.39890915112629
image_321.jpg,59.94757908446175
image_322.jpg,49.92682434590202
image_323.jpg,31.12851878073851
image_324.jpg,30.97707658647208
image_325.jpg,70.73479511381662
image_326.jpg,72.10886537081247
image_327.jpg,66.2330678561055
image_328.jpg,65.07129128828824
image_329.jpg,20.994355590212603
image_33.jpg,27.86884456059006
image_330.jpg,62.88480567728638
image_331.jpg,57.66024459260244
image_332.jpg,69.15666305896235
image_333.jpg,1.7510118348913102
image_334.jpg,32.65168444193094
image_335.jpg,32.03254285418969
image_336.jpg,71.89621027585099
image_337.jpg,53.38293603504156
image_338.jpg,64.73706568418609
image_339.jpg,57.278843541703765
image_34.jpg,55.05918801700186
image_340.jpg,43.31625194989301
image_341.jpg,50.69680283001791
image_342.jpg,42.54122239909358
image_343.jpg,15.37457092979397
image_344.jpg,65.78466134210689
image_345.jpg,76.30425996225419
image_346.jpg,7.335475942464075
image_347.jpg,60.82937715884283
image_348.jpg,30.960646756294334
image_349.jpg,26.293300254880947
image_35.jpg,2.884388226062926
image_350.jpg,26.318759273677923
image_351.jpg,64.97640799479409
image_352.jpg,37.57113731147663
image_353.jpg,30.323870509635885
image_354.jpg,28.532669098071327
image_355.jpg,1.5227829639832606
image_356.jpg,32.77159442531014
image_357.jpg,5.188985718937551
image_358.jpg,37.24565801559358
image_359.jpg,75.03921484945184
image_36.jpg,27.32661082609878
image_360.jpg,29.566097030505937
image_361.jpg,36.33512356660045
image_362.jpg,57.4514656097456
image_363.jpg,53.28074253708583
image_364.jpg,13.27598335828611
image_365.jpg,58.54135972338453
image_366.jpg,24.123601236439434
image_367.jpg,49.028358739142504
image_368.jpg,59.07084300416747
image_369.jpg,60.33918724465611
image_37.jpg,60.910043257361274
image_370.jpg,22.110951788413733
image_371.jpg,56.30086320664441
image_372.jpg,50.160881007426234
image_373.jpg,31.778828117265405
image_374.jpg,35.3726873853499
image_375.jpg,12.641306372356954
image_376.jpg,69.61616069152838
image_377.jpg,12.827084406014585
image_378.jpg,74.44411054292082
image_379.jpg,58.282257710871285
image_38.jpg,9.404389685464837
image_380.jpg,54.7046209564642
image_381.jpg,39.87985141528255
image_382.jpg,15.535283959241188
image_383.jpg,71.45194061418067
image_384.jpg,27.95632636860561
image_385.jpg,71.9097470989743
image_386.jpg,45.85118737625435
image_387.jpg,21.180382265652156
image_388.jpg,33.968612205827014
image_389.jpg,0.9824880139031065
image_39.jpg,25.51135013171648
image_390.jpg,29.063214796838565
image_391.jpg,15.640950300617266
image_392.jpg,9.06387574985584
image_393.jpg,28.475153456439273
image_394.jpg,6.929781651127138
image_395.jpg,6.990311141146471
image_396.jpg,28.86180375172637
image_397.jpg,18.210770491663926
image_398.jpg,14.923545007082144
image_399.jpg,38.5078912301515
image_4.jpg,34.75292891266424
image_40.jpg,73.48495650136971
image_400.jpg,55.12526396120224
image_401.jpg,55.800867555262144
image_402.jpg,28.63677276447494
image_403.jpg,48.3855857563409
image_404.jpg,62.5106196508274
image_405.jpg,27.46878202167211
image_406.jpg,24.073699975316035
image_407.jpg,3.503964403133368
image_408.jpg,64.63052160612453
image_409.jpg,24.955458685005585
image_41.jpg,68.19398582474959
image_410.jpg,79.15999613380556
image_411.jpg,22.59147879147335
image_412.jpg,24.807765267346653
image_413.jpg,47.77356944218453
image_414.jpg,74.51112343040175
image_415.jpg,23.86053598103678
image_416.jpg,47.22295355170703
image_417.jpg,40.091461476740974
image_418.jpg,24.293547882842372
image_419.jpg,11.167809640464814
image_42.jpg,57.947414158419875
image_420.jpg,1.3131601888614999
image_421.jpg,6.635047344034571
image_422.jpg,25.717749307851342
image_423.jpg,1.4565851434521753
image_424.jpg,69.1422464809781
image_425.jpg,4.588121177085146
image_426.jpg,61.66094893135635
image_427.jpg,25.358699466800662
image_428.jpg,39.13424087339777
image_429.jpg,23.5994688466454
image_43.jpg,63.30792827332783
image_430.jpg,26.633055331713614
image_431.jpg,24.216088545207544
image_432.jpg,71.92133546741383
image_433.jpg,29.9436392041251
image_434.jpg,76.63365992885142
image_435.jpg,26.55827699964953
image_436.jpg,74.4630999857166
image_437.jpg,27.052046154599076
image_438.jpg,61.38408599191131
image_439.jpg,12.481727318988941
image_44.jpg,46.12164104785816
image_440.jpg,30.62510472874085
image_441.jpg,28.50413222349268
image_442.jpg,32.63371371270841
image_443.jpg,25.121379713150915
image_444.jpg,56.078746642851314
image_445.jpg,25.655856387449024
image_446.jpg,13.388156567299166
image_447.jpg,62.91083084464909
image_448.jpg,24.77333432487313
image_449.jpg,64.32109793665855
image_45.jpg,70.99392908561975
image_450.jpg,56.51400315524711
image_451.jpg,32.53066385616286
image_452.jpg,59.9748090243636
image_453.jpg,16.44879281540689
image_454.jpg,32.98988584283204
image_455.jpg,26.453365236436362
image_456.jpg,38.65999056858213
image_457.jpg,29.42426727552843
image_458.jpg,38.476444337211916
image_459.jpg,1.1780425033638688
image_46.jpg,16.864633131275603
image_460.jpg,33.03282572401975
image_461.jpg,31.713880789792615
image_462.jpg,59.830006571425905
image_463.jpg,15.231106080169116
image_464.jpg,1.341796598448151
image_465.jpg,78.44476177927808
image_466.jpg,43.51814516064318
image_467.jpg,74.85486675893654
image_468.jpg,61.477879655748765
image_469.jpg,42.41172089497115
image_47.jpg,73.74345995342843
image_470.jpg,25.021103403800907
image_471.jpg,28.65482724072355
image_472.jpg,46.43260879206345
image_473.jpg,18.942950829830306
image_474.jpg,43.73845865129516
image_475.jpg,23.888577825195664
image_476.jpg,74.69216957686078
image_477.jpg,23.222363874328124
image_478.jpg,1.368227619642747
image_479.jpg,1.5816739521426761
image_48.jpg,42.97750273666776
image_480.jpg,40.932896436976975
image_481.jpg,29.249047246343046
image_482.jpg,59.30750574720722
image_483.jpg,23.236165102522154
image_484.jpg,8.699823938295982
image_485.jpg,62.44223089041175
image_486.jpg,35.36047671116117
image_487.jpg,8.034954688553013
image_488.jpg,30.634631694780776
image_489.jpg,67.62599799390624
image_49.jpg,3.14816067267435
image_490.jpg,14.142065975191715
image_491.jpg,58.81663672228482
image_492.jpg,73.15964224265849
image_493.jpg,67.60719247095459
image_494.jpg,15.459581934597063
image_495.jpg,49.76660951238463
image_496.jpg,26.403414253425932
image_497.jpg,17.21759734215801
image_498.jpg,22.4190175877201
image_499.jpg,42.03641777128668
image_5.jpg,69.55631552444923
image_50.jpg,60.48712315818597
image_500.jpg,4.366030133896759
image_501.jpg,70.90797919751914
image_502.jpg,78.25987081513597
image_503.jpg,41.88945022153225
image_504.jpg,33.72627798949713
image_505.jpg,66.77829783232534
image_506.jpg,29.77037388391906
image_507.jpg,15.636994478890143
image_508.jpg,41.438018683882255
image_509.jpg,47.98962988119175
image_51.jpg,28.007521079126228
image_510.jpg,81.54863312211413
image_511.jpg,20.457323105163628
image_512.jpg,52.58955820649167
image_513.jpg,1.0398622769694195
image_514.jpg,22.487241925539827
image_515.jpg,15.24739906119695
image_516.jpg,57.92590014897586
image_517.jpg,22.237317117126487
image_518.jpg,5.235447191579556
image_519.jpg,68.46733711853554
image_52.jpg,26.92177401056557
image_520.jpg,1.2956187054438886
image_521.jpg,2.962518340477564
image_522.jpg,82.64552808026589
image_523.jpg,64.16172829634105
image_524.jpg,27.637492338010468
image_525.jpg,21.95846492759678
image_526.jpg,14.701428361727999
image_527.jpg,60.72570055358734
image_528.jpg,41.96667703585182
image_529.jpg,41.350207809805944
image_53.jpg,33.366762672374435
image_530.jpg,66.80648629243828
image_531.jpg,54.82836243699268
image_532.jpg,43.59694390069829
image_533.jpg,17.609966023153945
image_534.jpg,29.00006935222441
image_535.jpg,56.934157590819275
image_536.jpg,32.06388680461725
image_537.jpg,38.437349169123245
image_538.jpg,31.91570929912811
image_539.jpg,49.20903234450135
image_54.jpg,4.519346384185245
image_540.jpg,54.735617661768465
image_541.jpg,64.03232573419749
image_542.jpg,8.068018809048704
image_543.jpg,47.34777408131245
image_544.jpg,65.05112702813423
image_545.jpg,16.87455765928622
image_546.jpg,64.55460792233752
image_547.jpg,25.032669963203904
image_548.jpg,10.536597845716123
image_549.jpg,27.06341632717895
image_55.jpg,33.90542371157719
image_550.jpg,75.26342314128829
image_551.jpg,77.61159165002857
image_552.jpg,27.40471217434759
image_553.jpg,36.48053071451657
image_554.jpg,45.655703367460426
image_555.jpg,75.74061914831165
image_556.jpg,1.9787094670124572
image_557.jpg,65.6778272171384
image_558.jpg,36.8902948376059
image_559.jpg,60.52237730236555
image_56.jpg,36.92842771410209
image_560.jpg,52.9029978058045
image_561.jpg,51.33429663617077
image_562.jpg,27.30937425334459
image_563.jpg,59.55627089650063
image_564.jpg,10.783518419970104
image_565.jpg,43.6617197482861
image_566.jpg,16.441283963106063
image_567.jpg,67.12938505320912
image_568.jpg,34.93154791111701
image_569.jpg,3.86208422372224
image_57.jpg,38.773187284058764
image_570.jpg,13.064643894492296
image_571.jpg,25.33440578379426
image_572.jpg,54.15867415336748
image_573.jpg,23.069647480865978
image_574.jpg,58.35472842081392
image_575.jpg,30.709109916024243
image_576.jpg,36.5125228053634
image_577.jpg,39.254549010598616
image_578.jpg,47.3701283494219
image_579.jpg,72.04973953221916
image_58.jpg,8.317598178347767
image_580.jpg,72.52439343629469
image_581.jpg,33.426876586355235
image_582.jpg,75.6509470123135
image_583.jpg,12.699474324453135
image_584.jpg,54.11113065493366
image_585.jpg,25.51217711693097
image_586.jpg,42.889351745197224
image_587.jpg,47.14086511450442
image_588.jpg,57.979981741878994
image_589.jpg,45.47738248265646
image_59.jpg,53.93045276589118
image_590.jpg,20.61878979632493
image_591.jpg,55.66661014260056
image_592.jpg,63.73186811762052
image_593.jpg,32.01931659310693
image_594.jpg,72.07788029723932
image_595.jpg,25.980687035194425
image_596.jpg,45.740586114806476
image_597.jpg,55.65392129800093
image_598.jpg,63.32920831124754
image_599.jpg,68.28604294148266
image_6.jpg,15.99199726234558
image_60.jpg,39.91966358450739
image_600.jpg,35.040684115582984
image_601.jpg,20.042519371381832
image_602.jpg,68.84273726130927
image_603.jpg,72.77901105836193
image_604.jpg,61.26749937229756
image_605.jpg,46.079940234193636
image_606.jpg,7.769352820677851
image_607.jpg,49.12171122592062
image_608.jpg,45.16208932952584
image_609.jpg,36.41226137747602
image_61.jpg,36.82169117491308
image_610.jpg,29.418134057488633
image_611.jpg,53.80190404431756
image_612.jpg,11.97620872262576
image_613.jpg,66.88768608408164
image_614.jpg,30.66043304038206
image_615.jpg,52.528060544272904
image_616.jpg,49.64993640885407
image_617.jpg,63.37746809665084
image_618.jpg,54.56625566630398
image_619.jpg,34.98959282834276
image_62.jpg,13.62231435578034
image_620.jpg,10.608276254264561
image_621.jpg,32.06871258531773
image_622.jpg,24.905711875886503
image_623.jpg,9.52036329806184
image_624.jpg,10.277398468916376
image_625.jpg,73.65733959142543
image_626.jpg,0.9984199793806794
image_627.jpg,61.916469561636106
image_628.jpg,6.991388915229394
image_629.jpg,26.986171552390566
image_63.jpg,53.122245423783745
image_630.jpg,54.74928733327939
image_631.jpg,1.64946234643799
image_632.jpg,23.25350945377734
image_633.jpg,35.949238250961166
image_634.jpg,21.787136557012175
image_635.jpg,22.26916071412043
image_636.jpg,41.998324375289556
image_637.jpg,26.252270862611795
image_638.jpg,53.99200992435394
image_639.jpg,38.91798258360446
image_64.jpg,26.753578808260627
image_640.jpg,32.480974208969045
image_641.jpg,29.334290074538515
image_642.jpg,31.900653387806294
image_643.jpg,1.240024316563383
image_644.jpg,11.434216641027842
image_645.jpg,60.51879194576248
image_646.jpg,73.8750239406414
image_647.jpg,76.25827822261807
image_648.jpg,24.17566661183249
image_649.jpg,22.355946913451287
image_65.jpg,17.747010018327003
image_650.jpg,5.979733095572986
image_651.jpg,42.06313889054189
image_652.jpg,52.16112278784789
image_653.jpg,31.17775413066379
image_654.jpg,6.26195644981628
image_655.jpg,44.9497453730256
image_656.jpg,51.54890762171727
image_657.jpg,59.703734335113054
image_658.jpg,39.031767901130586
image_659.jpg,1.7505658593138678
image_66.jpg,60.43990597822369
image_660.jpg,5.431675614155152
image_661.jpg,73.46492331379713
image_662.jpg,24.589963931606142
image_663.jpg,22.450911607084077
image_664.jpg,23.6581437611893
image_665.jpg,23.62523769642844
image_666.jpg,18.731159498068003
image_667.jpg,62.54956542495618
image_668.jpg,51.612515693544765
image_669.jpg,49.795253661810385
image_67.jpg,24.964864742331265
image_670.jpg,20.405150383559164
image_671.jpg,27.523108160104428
image_672.jpg,31.54665614073955
image_673.jpg,56.59742417338599
image_674.jpg,65.02872228235866
image_675.jpg,2.7011106546122683
image_676.jpg,14.183674450840847
image_677.jpg,82.5681420118604
image_678.jpg,58.07837998026681
image_679.jpg,14.29162467492097
image_68.jpg,65.48371037722526
image_680.jpg,15.462989601971309
image_681.jpg,32.153606518235044
image_682.jpg,30.33157427940833
image_683.jpg,59.56716236521196
image_684.jpg,33.35166893385462
image_685.jpg,51.27884321509055
image_686.jpg,58.16689949383603
image_687.jpg,26.818994835725423
image_688.jpg,35.23778783706481
image_689.jpg,58.752998702828776
image_69.jpg,33.8464677842129
image_690.jpg,43.32771518735963
image_691.jpg,11.193447779411104
image_692.jpg,66.76234878136952
image_693.jpg,67.26060535428567
image_694.jpg,32.550593286118726
image_695.jpg,5.823406638674291
image_696.jpg,46.091068385727255
image_697.jpg,31.361273089974915
image_698.jpg,77.23389342099313
image_699.jpg,55.476521032462976
image_7.jpg,59.38623151061026
image_70.jpg,8.123144266554375
image_700.jpg,9.388257080129618
image_701.jpg,23.881446277017155
image_702.jpg,23.504886523943917
image_703.jpg,50.06244033580033
image_704.jpg,24.9323149379517
image_705.jpg,74.66637086120436
image_706.jpg,28.583063039338313
image_707.jpg,3.8798958927360836
image_708.jpg,23.27614951544284
image_709.jpg,6.905393083483818
image_71.jpg,29.82276206228876
image_710.jpg,12.357062992748327
image_711.jpg,69.9421839687429
image_712.jpg,54.93807315086746
image_713.jpg,36.71452214868766
image_714.jpg,58.7128256528186
image_715.jpg,60.42750616796576
image_716.jpg,6.729978781815467
image_717.jpg,62.19718735181219
image_718.jpg,24.23804652867438
image_719.jpg,25.379079619459503
image_72.jpg,27.156090723698515
image_720.jpg,59.00720443811233
image_721.jpg,61.19166747874949
image_722.jpg,7.948266117893294
image_723.jpg,38.08847612273938
image_724.jpg,28.623762392546055
image_725.jpg,27.150426135810424
image_726.jpg,27.646296027501126
image_727.jpg,45.40555528723214
image_728.jpg,35.72876750596975
image_729.jpg,17.8102923416204
image_73.jpg,52.91124895660289
image_730.jpg,30.850254735119243
image_731.jpg,55.945424962711954
image_732.jpg,18.890974123794305
image_733.jpg,28.74323894441067
image_734.jpg,75.49987945184859
image_735.jpg,23.309903671500127
image_736.jpg,38.48598202505308
image_737.jpg,25.037113861535822
image_738.jpg,27.171479456639954
image_739.jpg,68.11401300479227
image_74.jpg,13.655196504059804
image_740.jpg,46.50138161872363
image_741.jpg,1.6219607285531967
image_742.jpg,52.72258614088557
image_743.jpg,49.92602072866639
image_744.jpg,32.77684355321996
image_745.jpg,65.83335493567225
image_746.jpg,24.46841193185486
image_747.jpg,63.60261129808846
image_748.jpg,13.748179114859989
image_749.jpg,56.88874212054261
image_75.jpg,1.512234217135506
image_750.jpg,23.48760014293079
image_751.jpg,5.752780242964934
image_752.jpg,28.918758694693835
image_753.jpg,25.985892525293025
image_754.jpg,30.44196445537262
image_755.jpg,72.00323458254488
image_756.jpg,63.76052054002431
image_757.jpg,9.772077677852991
image_758.jpg,40.571090430429535
image_759.jpg,25.254833482934885
image_76.jpg,68.86629562362542
image_760.jpg,42.83108502936873
image_761.jpg,40.44966658406307
image_762.jpg,42.82696089533778
image_763.jpg,60.619679475917714
image_764.jpg,25.255967132178586
image_765.jpg,59.29388611713478
image_766.jpg,38.01649528473885
image_767.jpg,44.29031317795946
image_768.jpg,31.08947652192916
image_769.jpg,70.20706888571316
image_77.jpg,5.473887480373981
image_770.jpg,47.92258130726319
image_771.jpg,9.175946787489913
image_772.jpg,77.35837638581874
image_773.jpg,26.381137987715586
image_774.jpg,38.49118978342924
image_775.jpg,44.80344656469174
image_776.jpg,19.83588529445756
image_777.jpg,58.45744568515623
image_778.jpg,15.255259837170469
image_779.jpg,51.24127557472373
image_78.jpg,90.98307309286639
image_780.jpg,26.033369572769832
image_781.jpg,22.02822528856933
image_782.jpg,15.128929737521874
image_783.jpg,1.016311099863428
image_784.jpg,30.29049003118848
image_785.jpg,51.37524146599321
image_786.jpg,45.96931178030061
image_787.jpg,63.12848225907012
image_788.jpg,73.33838742099864
image_789.jpg,68.97809253616131
image_79.jpg,46.84230355247924
image_790.jpg,35.88175817444129
image_791.jpg,44.475924980459766
image_792.jpg,22.316670159764534
image_793.jpg,32.79339955854866
image_794.jpg,5.742236786222886
image_795.jpg,0.9137036383535192
image_796.jpg,27.14436572827757
image_797.jpg,81.12201903042718
image_798.jpg,60.20951317906245
image_799.jpg,15.924221437495952
image_8.jpg,23.145067313854256
image_80.jpg,25.344096009874196
image_800.jpg,67.67759386139059
image_801.jpg,49.09185925741512
image_802.jpg,63.94370421137607
image_803.jpg,31.632551647046192
image_804.jpg,24.20462549439764
image_805.jpg,38.844908441738966
image_806.jpg,19.842760749987658
image_807.jpg,31.31748890588162
image_808.jpg,61.84725431614214
image_809.jpg,76.6660579563911
image_81.jpg,74.67438895742515
image_810.jpg,14.256049382468998
image_811.jpg,54.47361144116705
image_812.jpg,61.86247161649117
image_813.jpg,8.016572813165409
image_814.jpg,32.902462383383046
image_815.jpg,8.799896095549416
image_816.jpg,28.12535575604397
image_817.jpg,31.153094397502038
image_818.jpg,63.168181942942994
image_819.jpg,67.11551743769398
image_82.jpg,65.20290402939217
image_820.jpg,24.208357726004685
image_821.jpg,52.243346242777115
image_822.jpg,15.878675958003548
image_823.jpg,56.03916514488536
image_824.jpg,48.31431209175034
image_825.jpg,13.797591660180005
image_826.jpg,55.23960920128328
image_827.jpg,42.66495691733099
image_828.jpg,43.715669404894456
image_829.jpg,29.596443391852866
image_83.jpg,26.311821680478456
image_830.jpg,1.4676979990036105
image_831.jpg,1.82267336111397
image_832.jpg,21.096948312236716
image_833.jpg,1.1641295803582627
image_834.jpg,76.4138855781701
image_835.jpg,13.697649675956574
image_836.jpg,24.652480999199025
image_837.jpg,5.368560028433322
image_838.jpg,54.604105438164986
image_839.jpg,5.194641779893327
image_84.jpg,49.47156770393263
image_840.jpg,6.582229335720512
image_841.jpg,54.3342382894744
image_842.jpg,22.63088293432901
image_843.jpg,69.32077719311492
image_844.jpg,35.28705313583387
image_845.jpg,16.479662828412092
image_846.jpg,1.275925293748038
image_847.jpg,2.746122380787757
image_848.jpg,49.881600956918376
image_849.jpg,24.746582506491897
image_85.jpg,4.172987091350714
image_850.jpg,28.41219522342334
image_851.jpg,34.238828289219754
image_852.jpg,74.58915699832886
image_853.jpg,24.331677978702444
image_854.jpg,62.120668926034334
image_855.jpg,43.920189474466355
image_856.jpg,32.55589984990772
image_857.jpg,69.67018719256335
image_858.jpg,22.034033606673272
image_859.jpg,37.40033898957617
image_86.jpg,16.41224443366287
image_860.jpg,59.589512655363464
image_861.jpg,24.71577812692315
image_862.jpg,11.709113432844497
image_863.jpg,50.558051234514586
image_864.jpg,14.045418149105842
image_865.jpg,17.70290471165595
image_866.jpg,26.32038370107856
image_867.jpg,74.87769767409321
image_868.jpg,45.049838072347406
image_869.jpg,46.14462487480882
image_87.jpg,56.709511838807664
image_870.jpg,31.255677630355834
image_871.jpg,46.42736210268461
image_872.jpg,69.06742011767172
image_873.jpg,80.16313441840201
image_874.jpg,53.070160270118116
image_875.jpg,62.51357263513331
image_876.jpg,30.731669647540496
image_877.jpg,14.110405017498586
image_878.jpg,31.409420168204154
image_879.jpg,35.30112527393652
image_88.jpg,82.28864002531449
image_880.jpg,60.94700392931272
image_881.jpg,74.70431449341552
image_882.jpg,42.76927747080613
image_883.jpg,78.98731066904672
image_884.jpg,57.51505577014025
image_885.jpg,57.53323637527263
image_886.jpg,29.45243653986724
image_887.jpg,28.812227916878907
image_888.jpg,24.192788243917096
image_889.jpg,27.28231346505257
image_89.jpg,10.533456769206154
image_890.jpg,68.89666638944348
image_891.jpg,34.029136793148176
image_892.jpg,33.12538814513606
image_893.jpg,28.416923837275494
image_894.jpg,31.687864417887234
image_895.jpg,54.99711931375559
image_896.jpg,1.5349728014755541
image_897.jpg,30.771163649778554
image_898.jpg,44.02168209796599
image_899.jpg,45.03335332359665
image_9.jpg,8.736930463035447
image_90.jpg,46.0650434390069
image_900.jpg,23.861677779275713
image_901.jpg,27.579354014932726
image_902.jpg,60.03461817004341
image_903.jpg,47.21124960414364
image_904.jpg,44.641445952873504
image_905.jpg,41.41999491001407
image_906.jpg,51.89520720866526
image_907.jpg,24.391523582017
image_908.jpg,30.990971744166508
image_909.jpg,27.744792653268583
image_91.jpg,67.30435163515546
image_910.jpg,52.092057527205064
image_911.jpg,24.06129645706038
image_912.jpg,63.686342619617996
image_913.jpg,27.295158420433033
image_914.jpg,49.127610540956276
image_915.jpg,49.931403077736036
image_916.jpg,31.679815386763668
image_917.jpg,60.18196440325195
image_918.jpg,27.827657778085467
image_919.jpg,69.3459735678539
image_92.jpg,69.82031668328979
image_920.jpg,36.28330912696544
image_921.jpg,24.53512317772135
image_922.jpg,25.813804773251206
image_923.jpg,29.5709129473586
image_924.jpg,40.99735249095471
image_925.jpg,44.63711116038223
image_926.jpg,52.326483832621896
image_927.jpg,32.15035681646455
image_928.jpg,81.37460496184255
image_929.jpg,60.64957046119156
image_93.jpg,11.15554857551972
image_930.jpg,9.112729111694888
image_931.jpg,27.296391510162483
image_932.jpg,26.852189183250093
image_933.jpg,65.79971737755156
image_934.jpg,23.267405491297406
image_935.jpg,11.874098353304067
image_936.jpg,61.19718291840625
image_937.jpg,83.69527111050847
image_938.jpg,51.33791219499537
image_939.jpg,38.886648403037796
image_94.jpg,24.682379080996316
image_940.jpg,19.210939313835855
image_941.jpg,34.87040198043501
image_942.jpg,1.0122239653490122
image_943.jpg,5.770451588597783
image_944.jpg,63.99566569262313
image_945.jpg,71.16086372714626
image_946.jpg,14.511706303598794
image_947.jpg,51.7546495403617
image_948.jpg,30.81281955636656
image_949.jpg,12.674370538058527
image_95.jpg,14.895323416846926
image_950.jpg,63.864827203683774
image_951.jpg,65.91758994116088
image_952.jpg,54.508464589123214
image_953.jpg,7.56703396624276
image_954.jpg,2.6997793253926687
image_955.jpg,55.4259237083694
image_956.jpg,38.334013951108844
image_957.jpg,52.63893227839566
image_958.jpg,27.563521366821707
image_959.jpg,5.8623767853103725
image_96.jpg,1.303802729137402
image_960.jpg,29.670890122388226
image_961.jpg,61.789418583319744
image_962.jpg,24.744751442690323
image_963.jpg,62.066920555790105
image_964.jpg,1.8379277771169404
image_965.jpg,4.833941140556832
image_966.jpg,17.59729563156407
image_967.jpg,56.654283001429
image_968.jpg,40.922640535072276
image_969.jpg,25.13998622442836
image_97.jpg,28.384413081904796
image_970.jpg,9.052552396967327
image_971.jpg,7.948568677044615
image_972.jpg,61.884848685982
image_973.jpg,24.586098987781927
image_974.jpg,12.636844332080052
image_975.jpg,22.586664063020432
image_976.jpg,9.686336090111574
image_977.jpg,25.43371084187356
image_978.jpg,34.757473117598735
image_979.jpg,72.63705046199519
image_98.jpg,4.7871560325969496
image_980.jpg,71.8840257028845
image_981.jpg,47.034695654660354
image_982.jpg,11.553940382347234
image_983.jpg,24.011351214687533
image_984.jpg,60.79335071011074
image_985.jpg,59.31426231308577
image_986.jpg,62.02795007602181
image_987.jpg,5.1963760903479415
image_988.jpg,3.938878707951253
image_989.jpg,48.08415559835073
image_99.jpg,5.9313568329275
image_990.jpg,35.61012338855377
image_991.jpg,53.047379649703956
image_992.jpg,22.093938099001214
image_993.jpg,57.80509612651086
image_994.jpg,49.74718287273435
image_995.jpg,1.3677185578471076
image_996.jpg,39.72375005883839
image_997.jpg,32.726104358675336
image_998.jpg,5.899786811365436
image_999.jpg,52.54673856873032
